,sgRNA,GMT,MDE.sum,MOFF.sum
0,ATAGCAGCACAAAGTCTGTGNGG,0.56473553,4.841641803434495,-0.7609095105826919
